match_id,player1,player2,total_points,match_duration_seconds,total_sets_observed,max_game_no_seen,avg_rally_count,max_rally_count,avg_serve_speed_mph,max_serve_speed_mph,p1_ace_sum,p2_ace_sum,p1_winner_sum,p2_winner_sum,p1_double_fault_sum,p2_double_fault_sum,p1_unf_err_sum,p2_unf_err_sum,p1_break_pt_sum,p2_break_pt_sum,p1_break_pt_won_sum,p2_break_pt_won_sum,total_break_point_points,tiebreak_like_points,p1_avg_distance_run,p2_avg_distance_run,second_serve_rate,match_winner_flag,match_winner_name,match_duration_hms,p1_sets_won,p2_sets_won,set_score,norm_duration,norm_points,norm_rally,norm_break_pressure,complexity_score,estimated_prompt_tokens,estimated_completion_tokens,estimated_total_tokens,fraction_of_5000_cap,fits_single_request_under_5000,complexity_rank
2023-wimbledon-1701,Carlos Alcaraz,Novak Djokovic,334,16947,5,13,4.461077844311378,29,112.88271604938272,132.0,9,2,66,32,7,3,45,40,19,15,5,5,34,14,19.780008982035927,18.54840718562874,0.3652694610778443,1,Carlos Alcaraz,4:42:27,3,2,3-2,0.7260905749358485,1.0,1.0,1.0,0.9041317012275468,1114,833,1947,0.3894,True,1
2023-wimbledon-1306,Jiri Lehecka,Tommy Paul,332,22785,5,13,3.075301204819277,18,109.10153846153847,132.0,19,10,63,33,4,3,43,37,10,5,5,1,15,41,12.800234939759036,12.8652078313253,0.33433734939759036,1,Jiri Lehecka,6:19:45,3,2,3-2,1.0,0.9946380697050938,0.5688075757280447,0.3076923076923077,0.8426540703116225,1058,790,1848,0.3696,True,2
2023-wimbledon-1304,Alejandro Davidovich Fokina,Holger Rune,337,15596,5,13,3.308605341246291,13,110.13149847094802,136.0,7,19,46,61,0,9,42,57,16,14,4,4,30,18,12.624094955489614,12.68834421364985,0.3323442136498516,2,Holger Rune,4:19:56,2,3,2-3,0.6323947569179554,1.0,0.6416502685545702,0.8846153846153846,0.7881297570937368,1009,752,1761,0.3522,True,3
2023-wimbledon-1301,Carlos Alcaraz,Nicolas Jarry,300,14171,4,13,3.29,16,116.13148788927336,134.0,12,15,41,48,7,3,30,46,14,7,5,2,21,14,15.059436666666667,14.911076666666668,0.3233333333333333,1,Carlos Alcaraz,3:56:11,3,1,3-1,0.5335668215548929,0.8230563002680965,0.6358412710027407,0.5384615384615384,0.6558325006847483,890,659,1549,0.3098,True,4
2023-wimbledon-1310,Daniel Elahi Galan,Mikael Ymer,318,15575,5,13,0.0,0,,,9,5,50,46,1,7,63,67,13,22,10,7,35,21,18.161930817610063,18.479701257861635,0.36477987421383645,1,Daniel Elahi Galan,4:19:35,3,2,3-2,0.6309383452389209,0.9195710455764075,0.0,1.0,0.6426782867853649,878,650,1528,0.3056,True,5
2023-wimbledon-1312,Denis Shapovalov,Liam Broady,275,11492,4,12,3.7636363636363637,19,107.6692607003891,135.0,14,1,50,18,14,4,60,41,15,17,8,5,32,0,15.755447272727272,15.359465454545456,0.45454545454545453,1,Denis Shapovalov,3:11:32,3,1,3-1,0.34777030307233514,0.6890080428954424,0.7837209814794098,0.9615384615384616,0.6157704635384502,854,631,1485,0.297,True,6
2023-wimbledon-1407,Andrey Rublev,Alexander Bublik,331,11867,5,13,2.619335347432024,13,118.79552715654953,138.0,21,39,53,67,2,14,21,52,9,5,3,0,14,26,11.094957703927493,11.216066465256798,0.31722054380664655,1,Andrey Rublev,3:17:47,3,2,3-2,0.3737776544836674,0.9892761394101877,0.4264449867156828,0.2692307692307692,0.5892809021290627,830,612,1442,0.2884,True,7
2023-wimbledon-1313,Andrey Rublev,David Goffin,290,10831,4,13,3.613793103448276,17,103.62989323843416,133.0,14,7,51,41,3,6,44,34,15,8,6,3,23,26,14.532331034482759,14.127644827586206,0.4379310344827586,1,Andrey Rublev,3:00:31,3,1,3-1,0.30192801165129346,0.7694369973190348,0.7369366134816285,0.6153846153846154,0.5839035373744021,826,609,1435,0.287,True,8
2023-wimbledon-1402,Grigor Dimitrov,Holger Rune,274,12074,4,13,3.8795620437956204,25,114.0919540229885,137.0,14,11,49,46,8,5,38,27,3,9,2,2,12,25,15.686375912408758,15.850423357664232,0.4197080291970803,2,Holger Rune,3:21:14,1,3,1-3,0.38813371246272277,0.6836461126005362,0.8199155335343773,0.19230769230769232,0.5583368147097854,803,591,1394,0.2788,True,9
2023-wimbledon-1307,Christopher Eubanks,Christopher O'Connell,232,19008,3,13,2.6206896551724137,11,108.33628318584071,129.0,23,5,65,35,4,1,25,12,5,3,1,1,8,31,10.138331896551723,10.699422413793103,0.28448275862068967,1,Christopher Eubanks,5:16:48,3,0,3-0,0.8690269782925307,0.4584450402144772,0.4268678314377551,0.038461538461538464,0.5538349266111576,798,588,1386,0.2772,True,10
2023-wimbledon-1303,Frances Tiafoe,Grigor Dimitrov,134,92274,3,9,3.91044776119403,30,112.07692307692308,138.0,5,13,14,33,1,3,22,14,0,9,0,5,9,0,16.291246268656717,16.75928358208955,0.43283582089552236,2,Grigor Dimitrov,"1 day, 1:37:54",0,3,0-3,1.0,0.0,0.8295587351493776,0.07692307692307693,0.5236040547221832,771,567,1338,0.2676,True,11
2023-wimbledon-1305,Daniil Medvedev,Marton Fucsovics,246,11063,4,10,4.252032520325203,34,110.27659574468085,127.0,6,4,34,47,5,4,33,45,8,5,3,1,13,0,18.18061788617886,18.350800813008128,0.3252032520325203,1,Daniil Medvedev,3:04:23,3,1,3-1,0.318017893057771,0.5335120643431636,0.9362090246156286,0.23076923076923078,0.5083542130903759,758,556,1314,0.2628,True,12
2023-wimbledon-1404,Christopher Eubanks,Stefanos Tsitsipas,286,11073,5,13,2.506993006993007,11,113.40579710144928,128.0,13,11,53,37,5,4,56,17,7,13,3,5,20,11,10.52420979020979,10.271559440559441,0.32867132867132864,1,Christopher Eubanks,3:04:33,3,2,3-2,0.31871142242873984,0.7479892761394102,0.3913692322891328,0.5,0.5016190909566791,751,551,1302,0.2604,True,13
2023-wimbledon-1408,Hubert Hurkacz,Novak Djokovic,271,11133,4,13,3.084870848708487,24,115.52671755725191,141.0,33,18,64,44,4,3,37,16,2,8,1,1,10,28,12.489741697416973,12.242059040590405,0.28044280442804426,2,Novak Djokovic,3:05:33,1,3,1-3,0.32287259865455303,0.6675603217158177,0.5717954294410416,0.11538461538461539,0.47254906955629955,725,531,1256,0.2512,True,14
2023-wimbledon-1502,Daniil Medvedev,Christopher Eubanks,283,10682,5,13,2.625441696113074,10,116.5410447761194,129.0,28,17,52,74,5,10,13,55,7,7,4,3,14,11,10.73443109540636,11.187084805653711,0.3003533568904594,1,Daniil Medvedev,2:58:02,3,2,3-2,0.29159442402385743,0.7319034852546917,0.42835152334241144,0.2692307692307692,0.47081764983905144,724,530,1254,0.2508,True,15
2023-wimbledon-1504,Andrey Rublev,Novak Djokovic,217,10050,4,10,4.451612903225806,20,109.01401869158879,132.0,6,5,32,42,2,1,25,23,8,12,1,5,20,0,17.914534562211983,17.74883410138249,0.39631336405529954,2,Novak Djokovic,2:47:30,1,3,1-3,0.24776336777862543,0.3780160857908847,0.9985224184048422,0.5,0.46872729243029704,722,528,1250,0.25,True,16
2023-wimbledon-1401,Carlos Alcaraz,Matteo Berrettini,225,11090,4,9,3.151111111111111,12,116.61009174311927,135.0,4,9,35,35,6,0,23,33,16,3,4,1,19,0,14.636942222222222,13.923337777777778,0.3288888888888889,1,Carlos Alcaraz,3:04:50,3,1,3-1,0.3198904223593869,0.42091152815013405,0.5924770991312498,0.46153846153846156,0.4239299486584284,682,497,1179,0.2358,True,17
2023-wimbledon-1602,Jannik Sinner,Novak Djokovic,202,10049,3,13,4.118811881188119,19,111.04522613065326,132.0,8,11,44,33,3,0,35,21,6,9,0,2,15,11,15.823683168316832,15.815232673267328,0.41089108910891087,2,Novak Djokovic,2:47:29,0,3,0-3,0.24769401484152853,0.2975871313672922,0.8946146052305619,0.3076923076923077,0.40054055298843044,660,480,1140,0.228,True,18
2023-wimbledon-1405,Jannik Sinner,Daniel Elahi Galan,215,9423,3,13,3.1116279069767443,14,109.98578199052133,130.0,12,12,42,35,1,3,23,35,20,5,3,1,25,11,12.165544186046512,12.859018604651162,0.40930232558139534,1,Jannik Sinner,2:37:03,3,0,3-0,0.20427907621887786,0.3672922252010724,0.5801495726903869,0.6923076923076923,0.3853106392658292,647,470,1117,0.2234,True,19
2023-wimbledon-1302,Alexander Zverev,Matteo Berrettini,201,11612,3,13,3.2786069651741294,24,119.14795918367346,137.0,12,15,34,36,1,3,23,22,1,5,0,1,6,23,14.16915422885572,12.509592039800994,0.25870646766169153,2,Matteo Berrettini,3:13:32,0,3,0-3,0.35609265552396147,0.29222520107238603,0.6322841144563865,0.0,0.3533680726999989,618,447,1065,0.213,True,20
2023-wimbledon-1503,Jannik Sinner,Roman Safiullin,193,8063,4,10,3.518134715025907,19,113.9945652173913,132.0,14,8,36,27,2,7,20,32,12,5,6,2,17,0,12.966326424870468,12.852248704663213,0.41450777202072536,1,Jannik Sinner,2:14:23,3,1,3-1,0.10995908176711283,0.24932975871313673,0.7070699565468469,0.38461538461538464,0.3056266239389952,575,414,989,0.1978,True,21
2023-wimbledon-1309,Jannik Sinner,Quentin Halys,213,8684,4,10,2.6384976525821595,12,113.17894736842105,130.0,9,14,34,35,8,9,26,31,11,4,5,2,15,0,9.802023474178405,8.96768075117371,0.48826291079812206,1,Jannik Sinner,2:24:44,3,1,3-1,0.15302725570427908,0.35656836461126007,0.4324278806723707,0.3076923076923077,0.2956132740141436,566,407,973,0.1946,True,22
2023-wimbledon-1406,Roman Safiullin,Denis Shapovalov,195,7788,4,9,3.3846153846153846,19,114.59776536312849,133.0,6,8,33,30,3,11,26,32,9,3,5,1,12,0,13.30548717948718,13.71862564102564,0.3384615384615385,1,Roman Safiullin,2:09:48,3,1,3-1,0.09088702406546917,0.26005361930294907,0.6653822791638114,0.19230769230769232,0.27513645024247785,548,393,941,0.1882,True,23
2023-wimbledon-1316,Stan Wawrinka,Novak Djokovic,167,7619,3,13,4.532934131736527,26,108.12727272727273,132.0,6,11,12,38,0,1,29,26,0,9,0,4,9,12,18.565437125748502,19.256095808383233,0.47904191616766467,2,Novak Djokovic,2:06:59,0,3,0-3,0.07916637769609543,0.10991957104557641,1.0,0.07692307692307693,0.2738723897518929,546,392,938,0.1876,True,24
2023-wimbledon-1501,Carlos Alcaraz,Holger Rune,189,8471,3,13,3.0264550264550265,12,114.43478260869566,132.0,4,2,35,26,2,3,13,21,3,1,2,0,4,10,12.453952380952382,12.422666666666666,0.4021164021164021,1,Carlos Alcaraz,2:21:11,3,0,3-0,0.13825508010264234,0.22788203753351208,0.5535567223963042,0.0,0.2388593356519149,515,367,882,0.1764,True,25
2023-wimbledon-1601,Carlos Alcaraz,Daniil Medvedev,159,6553,3,9,3.880503144654088,18,112.03947368421052,132.0,4,5,27,24,3,4,17,19,14,4,6,2,18,0,19.231201257861635,17.162327044025158,0.3522012578616352,1,Carlos Alcaraz,1:49:13,3,0,3-0,0.005236146750814897,0.06702412868632708,0.8202093659618772,0.4230769230769231,0.23164066190306748,508,362,870,0.174,True,26
2023-wimbledon-1308,Laslo Djere,Stefanos Tsitsipas,190,7856,3,13,3.031578947368421,18,112.65053763440861,129.0,4,6,32,26,3,1,18,19,4,4,1,3,8,12,11.632173684210525,11.814810526315789,0.3263157894736842,2,Stefanos Tsitsipas,2:10:56,0,3,0-3,0.09560302378805742,0.23324396782841822,0.5551565234237437,0.038461538461538464,0.22997390559666903,507,361,868,0.1736,True,27
2023-wimbledon-1315,Lorenzo Musetti,Hubert Hurkacz,198,7453,3,13,2.702020202020202,16,109.58510638297872,133.0,4,16,26,37,7,3,20,24,4,4,0,2,8,11,10.501575757575758,10.656560606060607,0.3282828282828283,2,Hubert Hurkacz,2:04:13,0,3,0-3,0.06765379013801234,0.2761394101876676,0.4522610204835058,0.038461538461538464,0.21462597805684297,493,350,843,0.1686,True,28
2023-wimbledon-1314,Alexander Bublik,Maximilian Marterer,185,6688,3,13,2.535135135135135,10,115.89714285714285,134.0,10,5,39,22,7,3,24,33,9,4,4,0,13,11,9.096259459459459,8.930351351351351,0.3783783783783784,1,Alexander Bublik,1:51:28,3,0,3-0,0.014598793258894514,0.2064343163538874,0.400155824876543,0.23076923076923078,0.18046967641670533,462,326,788,0.1576,True,29
2023-wimbledon-1403,Daniil Medvedev,Jiri Lehecka,122,5394,2,10,3.5163934426229506,14,110.82905982905983,132.0,9,5,17,21,2,3,12,33,14,0,3,0,14,0,14.099631147540983,13.232393442622952,0.4016393442622951,1,Daniil Medvedev,1:29:54,2,0,2-0,0.0,0.0,0.7065262929293974,0.2692307692307692,0.16822833550895638,451,318,769,0.1538,True,30
2023-wimbledon-1311,Guido Pella,Roman Safiullin,170,6402,3,13,0.0,0,,,7,11,21,54,2,1,14,26,3,8,1,5,11,8,14.125323529411764,14.434376470588235,0.27647058823529413,2,Roman Safiullin,1:46:42,0,3,0-3,0.0,0.1260053619302949,0.0,0.15384615384615385,0.0594864920602186,354,242,596,0.1192,True,31
